﻿section,name,type,question,p1,p2,p3,p4,p5,p6
פרטים,שם-פרטי,str,שם פרטי,,,,,,
פרטים,שם-משפחה,str,שם משפחה,,,,,,
פרטים,מצב-רוח,str,איך המרגש?,,,,,,
פרטים,תאריך-א,date,תאריך התחלה,,,,,,
פרטים,תאריך-ב,date,תאריך סוף,,,,,,
פרטים,הפרש-א-ב,date-diff,None,תאריך-א,תאריך-ב,,,,
פרטים,קידומת,drop 3,קידומת - ,א,מר,ב,גברת,ג,ח.פ
חיות,שם-כלב,str,מה השם של הכלב?,,,,,,
חיות,חבר,check box + two text,האם אתה אוהב אותו?,I like!,I don’t Like,,,,
