﻿section,left,p
חוזה שכירות,חוזה שכירות,title
פרטים,"שלום, {שם-פרטי} ממשפחת {שם-משפחה} , שלומך: {מצב-רוח}",
פרטים,שם שוב {שם-פרטי} שם משפחה שוב {שם-משפחה},
פרטים,ועכשיו ברשמיות - {קידומת} {שם-פרטי},
תאריך,תאריך א : {תאריך-א} -- תאריך ב : {תאריך-ב} ומה שביניהם : {הפרש-א-ב} ימים,
חיות,השם של הכלב הוא {שם-כלב} {חבר},
פרטים,שם שוב {שם-פרטי} שם משפחה שוב {שם-משפחה},
